network_id,noise_type,edge_operation,noise_level,avg_algebraic_connectivity,std_algebraic_connectivity
astro,baseline,none,0.0,0.027215651549247,0.0
astro,perturbed_hub_target,addition,5.0,0.08821592455013151,0.016671580807643607
astro,perturbed_hub_target,addition,10.0,0.11208721616154195,0.017117942649439173
astro,perturbed_hub_target,addition,15.0,0.13194633119998264,0.025500990017648186
astro,perturbed_hub_target,addition,20.0,0.15429744028131187,0.030845086246444827
astro,perturbed_hub_target,addition,30.0,0.18887938374796032,0.04633480867632436
astro,perturbed_hub_target,addition,50.0,0.26912402519432826,0.0572049950374982
astro,perturbed_hub_target,removal,50.0,0.027524405523400863,0.005174491443212875
astro,perturbed_hub_target,removal,60.0,0.026828609063602314,0.0007947608222968284
astro,perturbed_hub_target,removal,70.0,0.027822156807886175,0.005187084419309191
astro,perturbed_hub_target,removal,75.0,0.02702990971734446,0.0005780645631300366
astro,perturbed_hub_target,removal,80.0,0.02744455344427649,0.0034528262049477085
astro,perturbed_hub_target,removal,85.0,0.02718676705090966,0.00011211679540790482
astro,perturbed_hub_target,removal,90.0,0.027205787429199123,6.861125024642723e-06
astro,perturbed_hub_target,removal,95.0,0.027193827587822416,0.00012353409097754748
astro,perturbed_hub_target,removal,98.0,0.027187238876031566,0.00026758346188530816
astro,perturbed_hub_target,addition,100.0,0.3847765650377454,0.08127599604427152
astro,perturbed_hub_target,addition,150.0,0.5479943718501101,0.1141050414943461
astro,perturbed_hub_target,addition,200.0,0.6717201137840095,0.11454527717666946
astro,perturbed_periphery_target,addition,5.0,0.49792480369690845,0.09862023625476321
astro,perturbed_periphery_target,addition,10.0,0.9324896505943489,0.08827331618507271
astro,perturbed_periphery_target,addition,15.0,1.1843118899484457,0.06515571284844442
astro,perturbed_periphery_target,addition,20.0,1.3806086233673542,0.08856018459841515
astro,perturbed_periphery_target,addition,30.0,1.7460268368387666,0.10270843845486832
astro,perturbed_periphery_target,addition,50.0,2.4085974206349863,0.1174164240099119
astro,perturbed_periphery_target,removal,50.0,0.141037059640737,0.030703393881149097
astro,perturbed_periphery_target,removal,60.0,0.15798711601283924,0.04913242029463677
astro,perturbed_periphery_target,removal,70.0,0.10942104930513671,0.03982457509002373
astro,perturbed_periphery_target,removal,75.0,0.11632534464890593,0.05950930201333538
astro,perturbed_periphery_target,removal,80.0,0.0782647029406045,0.06277226300123236
astro,perturbed_periphery_target,removal,85.0,0.056708824050989017,0.04132839804385963
astro,perturbed_periphery_target,removal,90.0,0.0496596496917324,0.014341676792914025
astro,perturbed_periphery_target,removal,95.0,0.04244175366084134,0.01675543475861164
astro,perturbed_periphery_target,removal,98.0,0.030391725708302997,0.008967057597091576
astro,perturbed_periphery_target,addition,100.0,3.9687424084730276,0.17150382700443864
astro,perturbed_periphery_target,addition,150.0,5.3707933562831025,0.23423591173863884
astro,perturbed_periphery_target,addition,200.0,6.719068696631568,0.26662175941914557
astro,perturbed_random_target,added_edges,5.0,0.26049919016206824,0.0608456877598712
astro,perturbed_random_target,added_edges,10.0,0.4591139237686013,0.10462153809679747
astro,perturbed_random_target,added_edges,15.0,0.661810022325369,0.11731310948229379
astro,perturbed_random_target,added_edges,20.0,0.7956453983684091,0.08902895325072196
astro,perturbed_random_target,added_edges,30.0,1.070441080878915,0.2962813518499307
astro,perturbed_random_target,added_edges,50.0,2.7275574894400396,0.615386238262757
astro,perturbed_random_target,removed_edges,50.0,0.023870235058495694,0.007360149019294972
astro,perturbed_random_target,removed_edges,60.0,0.02625192648138508,0.00835251012601966
astro,perturbed_random_target,removed_edges,70.0,0.02696698459044953,0.0070731510335792815
astro,perturbed_random_target,removed_edges,75.0,0.0265520467080012,0.008233501376844799
astro,perturbed_random_target,removed_edges,80.0,0.025971549918862396,0.006795352872361591
astro,perturbed_random_target,removed_edges,85.0,0.026964683268827564,0.0068947188844338675
astro,perturbed_random_target,removed_edges,90.0,0.028374012908843938,0.007780921622422927
astro,perturbed_random_target,removed_edges,95.0,0.02746018987319021,0.00542494001991213
astro,perturbed_random_target,removed_edges,98.0,0.027187457497496306,0.003936236317751562
astro,perturbed_random_target,added_edges,100.0,8.681443961462534,1.1712706865761822
astro,perturbed_random_target,added_edges,150.0,15.936492112316982,1.0780114098792182
astro,perturbed_random_target,added_edges,200.0,23.391806301798297,1.4767998231093808
astro_conf,baseline,none,0.0,0.3297265779587179,0.0
astro_conf,perturbed_hub_target,addition,5.0,0.33576485362984426,0.012047110796331964
astro_conf,perturbed_hub_target,addition,10.0,0.3439664238325728,0.015497288019216501
astro_conf,perturbed_hub_target,addition,15.0,0.3496609843174149,0.017728943351164147
astro_conf,perturbed_hub_target,addition,20.0,0.3566410803434201,0.016598131872430675
astro_conf,perturbed_hub_target,addition,30.0,0.36184478222318234,0.03435782849093911
astro_conf,perturbed_hub_target,removal,50.0,0.31095044806519834,0.02418323853754516
astro_conf,perturbed_hub_target,addition,50.0,0.40338978440378886,0.07494013416258236
astro_conf,perturbed_hub_target,removal,60.0,0.32229073729479596,0.010240021836581964
astro_conf,perturbed_hub_target,removal,70.0,0.32427257752572386,0.010297198234802598
astro_conf,perturbed_hub_target,removal,75.0,0.3242216978945522,0.012423445282323704
astro_conf,perturbed_hub_target,removal,80.0,0.32687404474583137,0.007662737225342727
astro_conf,perturbed_hub_target,removal,85.0,0.3278241820394738,0.005893028685721679
astro_conf,perturbed_hub_target,removal,90.0,0.3283032625211739,0.0037860298778365333
astro_conf,perturbed_hub_target,removal,95.0,0.32897015863721385,0.002832881591196064
astro_conf,perturbed_hub_target,removal,98.0,0.3294713585960604,0.0016703929262041662
astro_conf,perturbed_hub_target,addition,100.0,0.5686473344399999,0.12198281736917217
astro_conf,perturbed_hub_target,addition,150.0,0.6798066562886013,0.13081330484704648
astro_conf,perturbed_hub_target,addition,200.0,0.7889102531067964,0.10357631254415546
astro_conf,perturbed_periphery_target,addition,5.0,0.9113415504529071,0.11675945570181935
astro_conf,perturbed_periphery_target,addition,10.0,1.806450453468172,0.1496437627041139
astro_conf,perturbed_periphery_target,addition,15.0,2.538778367329984,0.3300850802219916
astro_conf,perturbed_periphery_target,addition,20.0,3.1238620469260474,0.39397509054172325
astro_conf,perturbed_periphery_target,addition,30.0,4.403626429894971,0.4328274160847053
astro_conf,perturbed_periphery_target,removal,50.0,0.7591469666821508,0.10483376700758341
astro_conf,perturbed_periphery_target,addition,50.0,6.473531633271692,0.5246159422217949
astro_conf,perturbed_periphery_target,removal,60.0,0.7767387529275215,0.10464903322632499
astro_conf,perturbed_periphery_target,removal,70.0,0.7754539843167132,0.10639993701236454
astro_conf,perturbed_periphery_target,removal,75.0,0.7736198271448012,0.08707622573723892
astro_conf,perturbed_periphery_target,removal,80.0,0.7473785360282136,0.11461005173726445
astro_conf,perturbed_periphery_target,removal,85.0,0.7382553814531455,0.10106808326627802
astro_conf,perturbed_periphery_target,removal,90.0,0.6710043975272417,0.1333392778021776
astro_conf,perturbed_periphery_target,removal,95.0,0.5891671219704199,0.1261985264842351
astro_conf,perturbed_periphery_target,removal,98.0,0.49099081672791994,0.11187571033375825
astro_conf,perturbed_periphery_target,addition,100.0,10.953017302679514,0.7349378574032674
astro_conf,perturbed_periphery_target,addition,150.0,14.551927040832416,0.8220448712908485
astro_conf,perturbed_periphery_target,addition,200.0,17.548820968027965,1.012339178234956
astro_conf,perturbed_random_target,added_edges,5.0,0.4602234576290293,0.10822110523459562
astro_conf,perturbed_random_target,added_edges,10.0,0.6551276249809855,0.11841446307304729
astro_conf,perturbed_random_target,added_edges,15.0,0.7882557426061015,0.10052259167754765
astro_conf,perturbed_random_target,added_edges,20.0,0.884105521274843,0.07746454590112492
astro_conf,perturbed_random_target,added_edges,30.0,1.1467526308960587,0.33613558635553864
astro_conf,perturbed_random_target,added_edges,50.0,2.9002892133999847,0.6286155867106874
astro_conf,perturbed_random_target,removed_edges,50.0,0.20372365380900728,0.03853552167410846
astro_conf,perturbed_random_target,removed_edges,60.0,0.22560034796935347,0.05304565311051786
astro_conf,perturbed_random_target,removed_edges,70.0,0.25708242253547914,0.06006015906953296
astro_conf,perturbed_random_target,removed_edges,75.0,0.2762097154505903,0.04796478741931546
astro_conf,perturbed_random_target,removed_edges,80.0,0.29601739893710166,0.04919556148532952
astro_conf,perturbed_random_target,removed_edges,85.0,0.3075641536160048,0.04318209080831487
astro_conf,perturbed_random_target,removed_edges,90.0,0.32080711768391185,0.03351331324679149
astro_conf,perturbed_random_target,removed_edges,95.0,0.32551100338292016,0.023384313811516996
astro_conf,perturbed_random_target,removed_edges,98.0,0.3306727124144519,0.012495423395886678
astro_conf,perturbed_random_target,added_edges,100.0,8.637474046239111,1.1580180843984413
astro_conf,perturbed_random_target,added_edges,150.0,15.741850785660365,1.239742881256809
astro_conf,perturbed_random_target,added_edges,200.0,23.332863396402352,1.570402399864535
astro_er,baseline,none,0.0,4.61413934148434,0.0
astro_er,perturbed_hub_target,addition,5.0,4.849772673588488,0.3857810908338218
astro_er,perturbed_hub_target,addition,10.0,5.019993039088893,0.5067983345649888
astro_er,perturbed_hub_target,addition,15.0,5.271375028155917,0.565377347121459
astro_er,perturbed_hub_target,addition,20.0,5.4946605879575,0.7072539826800983
astro_er,perturbed_hub_target,addition,30.0,5.8536230449247455,0.7042650598213366
astro_er,perturbed_hub_target,removal,50.0,1.9069035268018795,0.4766273590180721
astro_er,perturbed_hub_target,addition,50.0,6.5066932396227966,0.9205664919301102
astro_er,perturbed_hub_target,removal,60.0,3.0167024924043737,0.48186782770097847
astro_er,perturbed_hub_target,removal,70.0,3.8445768290355584,0.4864951451046958
astro_er,perturbed_hub_target,removal,75.0,4.104452678549827,0.4339095974599385
astro_er,perturbed_hub_target,removal,80.0,4.132052335022047,0.4391998167764629
astro_er,perturbed_hub_target,removal,85.0,4.336115363643464,0.40125259336165797
astro_er,perturbed_hub_target,removal,90.0,4.46207635224847,0.3067820550764333
astro_er,perturbed_hub_target,removal,95.0,4.536350364304377,0.2492765278816987
astro_er,perturbed_hub_target,removal,98.0,4.587251758828544,0.12588057878354209
astro_er,perturbed_hub_target,addition,100.0,9.000546901271811,2.6977910017072158
astro_er,perturbed_hub_target,addition,150.0,10.966050959215558,1.8068270459128883
astro_er,perturbed_hub_target,addition,200.0,13.295448631525998,2.1446816776925055
astro_er,perturbed_periphery_target,addition,5.0,7.062279537643277,0.7921958747394077
astro_er,perturbed_periphery_target,addition,10.0,8.878984676131182,0.7076560993903199
astro_er,perturbed_periphery_target,addition,15.0,10.165125273101875,0.6524566523453261
astro_er,perturbed_periphery_target,addition,20.0,11.362104980562043,0.7334673149193325
astro_er,perturbed_periphery_target,addition,30.0,13.576730304127745,0.6110922533453086
astro_er,perturbed_periphery_target,addition,50.0,17.23809678465045,0.743476899498915
astro_er,perturbed_periphery_target,removal,50.0,0.649608679022267,0.12310196731081034
astro_er,perturbed_periphery_target,removal,60.0,0.806543213328509,0.08234810726137023
astro_er,perturbed_periphery_target,removal,70.0,0.8989642771257358,0.029846882192249603
astro_er,perturbed_periphery_target,removal,75.0,0.9529109086410082,0.1750024729993531
astro_er,perturbed_periphery_target,removal,80.0,1.1911262396157343,0.41374288573876505
astro_er,perturbed_periphery_target,removal,85.0,1.582043819767708,0.6246779348783836
astro_er,perturbed_periphery_target,removal,90.0,2.222420600926318,0.7593846629382991
astro_er,perturbed_periphery_target,removal,95.0,3.3910813948827765,0.7937395884783098
astro_er,perturbed_periphery_target,removal,98.0,4.027397823360159,0.6323300276845577
astro_er,perturbed_periphery_target,addition,100.0,25.058492094989077,0.951360641689423
astro_er,perturbed_periphery_target,addition,150.0,32.29770330176371,0.9768209298908576
astro_er,perturbed_periphery_target,addition,200.0,39.126384823338554,1.0391907794451705
astro_er,perturbed_random_target,added_edges,5.0,5.408310963354268,0.6625252780050597
astro_er,perturbed_random_target,added_edges,10.0,6.101538154962119,0.7599481344352365
astro_er,perturbed_random_target,added_edges,15.0,6.828944446608412,0.8179389723477812
astro_er,perturbed_random_target,added_edges,20.0,7.573730534277067,0.9839126569267668
astro_er,perturbed_random_target,added_edges,30.0,8.721156977842746,1.3074285860063732
astro_er,perturbed_random_target,removed_edges,50.0,0.8797239665380594,0.16721147935295896
astro_er,perturbed_random_target,added_edges,50.0,11.935843423985755,1.1319987407250252
astro_er,perturbed_random_target,removed_edges,60.0,1.4403112921213959,0.4621774573723559
astro_er,perturbed_random_target,removed_edges,70.0,2.1863304827713916,0.6307577445652568
astro_er,perturbed_random_target,removed_edges,75.0,2.5784103859202663,0.6742312586049443
astro_er,perturbed_random_target,removed_edges,80.0,3.2478995295174204,0.6421232787680602
astro_er,perturbed_random_target,removed_edges,85.0,3.531400120099538,0.6522791985281493
astro_er,perturbed_random_target,removed_edges,90.0,3.86322075232747,0.6264299675512034
astro_er,perturbed_random_target,removed_edges,95.0,4.264357113158413,0.4610012918815451
astro_er,perturbed_random_target,removed_edges,98.0,4.512516463704216,0.3239406881817725
astro_er,perturbed_random_target,added_edges,100.0,19.304111420643473,1.2623922499662172
astro_er,perturbed_random_target,added_edges,150.0,26.828618254514613,1.7084261737722037
astro_er,perturbed_random_target,added_edges,200.0,35.14150968271366,1.8426601226754573
astro_sbm,baseline,none,0.0,0.3368625409582176,0.0
astro_sbm,perturbed_hub_target,addition,5.0,0.3408443133556674,0.006214432566989115
astro_sbm,perturbed_hub_target,addition,10.0,0.343557856015315,0.012944062122673882
astro_sbm,perturbed_hub_target,addition,15.0,0.3476345599036808,0.0087744001256003
astro_sbm,perturbed_hub_target,addition,20.0,0.3478122796678607,0.01856338983701747
astro_sbm,perturbed_hub_target,addition,30.0,0.3564614546659293,0.011513084619034034
astro_sbm,perturbed_hub_target,removal,50.0,0.2710444961050184,0.0429107144196484
astro_sbm,perturbed_hub_target,addition,50.0,0.3666852610936069,0.027514926660187775
astro_sbm,perturbed_hub_target,removal,60.0,0.2992311290604073,0.04478752893816823
astro_sbm,perturbed_hub_target,removal,70.0,0.3148249114229641,0.04196157849142296
astro_sbm,perturbed_hub_target,removal,75.0,0.31914678615582814,0.03283204343941954
astro_sbm,perturbed_hub_target,removal,80.0,0.3317561945674179,0.010369132726947217
astro_sbm,perturbed_hub_target,removal,85.0,0.33174528118868446,0.01704213565125849
astro_sbm,perturbed_hub_target,removal,90.0,0.333240720681487,0.016243017536424768
astro_sbm,perturbed_hub_target,removal,95.0,0.3358369101341986,0.004487359391755594
astro_sbm,perturbed_hub_target,removal,98.0,0.33650467784015015,0.0034286201219549213
astro_sbm,perturbed_hub_target,addition,100.0,0.42427914925801546,0.09477579372992474
astro_sbm,perturbed_hub_target,addition,150.0,0.5243250902255235,0.1495471836947745
astro_sbm,perturbed_hub_target,addition,200.0,0.6860030651512921,0.13749915508226415
astro_sbm,perturbed_periphery_target,addition,5.0,0.7478317284278668,0.10171440501544574
astro_sbm,perturbed_periphery_target,addition,10.0,1.3156883284273533,0.19789987421333596
astro_sbm,perturbed_periphery_target,addition,15.0,1.6360218550662131,0.06468530164271183
astro_sbm,perturbed_periphery_target,addition,20.0,1.8380539932663587,0.08156229034421522
astro_sbm,perturbed_periphery_target,addition,30.0,2.2490411680379414,0.11704784838443706
astro_sbm,perturbed_periphery_target,addition,50.0,2.9975629562577457,0.13628730010746698
astro_sbm,perturbed_periphery_target,removal,50.0,0.199543005454281,0.05286401180214661
astro_sbm,perturbed_periphery_target,removal,60.0,0.252081271823375,0.05947722164578623
astro_sbm,perturbed_periphery_target,removal,70.0,0.2542559929139191,0.07161683256057018
astro_sbm,perturbed_periphery_target,removal,75.0,0.2730006253302458,0.055625106256874855
astro_sbm,perturbed_periphery_target,removal,80.0,0.2882546449000496,0.05938868656284677
astro_sbm,perturbed_periphery_target,removal,85.0,0.3026844448773651,0.06020610259704262
astro_sbm,perturbed_periphery_target,removal,90.0,0.3018192287270813,0.061443175131876436
astro_sbm,perturbed_periphery_target,removal,95.0,0.2891344110798839,0.06171812482488208
astro_sbm,perturbed_periphery_target,removal,98.0,0.2984312950968481,0.049128246538003885
astro_sbm,perturbed_periphery_target,addition,100.0,4.78862189666312,0.20425480371516908
astro_sbm,perturbed_periphery_target,addition,150.0,6.526702216495408,0.27368443861045944
astro_sbm,perturbed_periphery_target,addition,200.0,8.223101029921956,0.25160583606538206
astro_sbm,perturbed_random_target,added_edges,5.0,0.3534136563701686,0.04737550098947628
astro_sbm,perturbed_random_target,added_edges,10.0,0.5058500620101266,0.11420172968160137
astro_sbm,perturbed_random_target,added_edges,15.0,0.6559481939500807,0.11757295233926371
astro_sbm,perturbed_random_target,added_edges,20.0,0.7768349185108019,0.08969586300103002
astro_sbm,perturbed_random_target,added_edges,30.0,0.9483759459226846,0.18923482454313195
astro_sbm,perturbed_random_target,removed_edges,50.0,0.11553959038498712,0.07270172240423407
astro_sbm,perturbed_random_target,added_edges,50.0,2.224336668636955,0.5229058616936798
astro_sbm,perturbed_random_target,removed_edges,60.0,0.1412389560437846,0.02842971007715507
astro_sbm,perturbed_random_target,removed_edges,70.0,0.17225086769964057,0.03188822315681712
astro_sbm,perturbed_random_target,removed_edges,75.0,0.18163879114441475,0.03742078269901315
astro_sbm,perturbed_random_target,removed_edges,80.0,0.21273291167782307,0.1073173372526808
astro_sbm,perturbed_random_target,removed_edges,85.0,0.2279151179371331,0.049069483303186535
astro_sbm,perturbed_random_target,removed_edges,90.0,0.2467711327385236,0.04303237910330176
astro_sbm,perturbed_random_target,removed_edges,95.0,0.29302993762626434,0.03937633107357086
astro_sbm,perturbed_random_target,removed_edges,98.0,0.31357026484354267,0.034529600967833994
astro_sbm,perturbed_random_target,added_edges,100.0,7.220819938302958,1.0394258955282698
astro_sbm,perturbed_random_target,added_edges,150.0,13.019978646846628,1.2994600838555768
astro_sbm,perturbed_random_target,added_edges,200.0,19.937443332261243,1.433291587998039
power,baseline,none,0.0,0.0007600260798093,0.0
power,perturbed_hub_target,addition,5.0,0.02097797817139525,0.0035865657488369333
power,perturbed_hub_target,addition,10.0,0.03203642977271655,0.008005540803733146
power,perturbed_hub_target,addition,15.0,0.04364770538304401,0.009084405010397308
power,perturbed_hub_target,addition,20.0,0.05404042287448471,0.011018182308832154
power,perturbed_hub_target,addition,30.0,0.07091654073980468,0.014074516861174283
power,perturbed_hub_target,removal,50.0,0.012921110110159197,0.006621930280557753
power,perturbed_hub_target,addition,50.0,0.11657786321416318,0.02462073513288439
power,perturbed_hub_target,removal,60.0,0.0025404489768922987,0.001639819306757753
power,perturbed_hub_target,removal,70.0,0.00031476805630697784,0.00025303601496483156
power,perturbed_hub_target,removal,75.0,0.00016746798507294325,0.00010176289207853248
power,perturbed_hub_target,removal,80.0,0.00022177688164183885,0.00010091169520205068
power,perturbed_hub_target,removal,85.0,0.000377953207735823,0.0001283589957078791
power,perturbed_hub_target,removal,90.0,0.000502987167122447,0.00012687716081662075
power,perturbed_hub_target,removal,95.0,0.000663595161267475,0.00012707729682585422
power,perturbed_hub_target,removal,98.0,0.0007327193580255931,0.0001092794345451586
power,perturbed_hub_target,addition,100.0,0.2217371420646854,0.046853630660204794
power,perturbed_hub_target,addition,150.0,0.3265683086947371,0.06464696966560195
power,perturbed_hub_target,addition,200.0,0.45966728141408,0.09853403424031629
power,perturbed_periphery_target,addition,5.0,0.019807801480325807,0.002973715496208127
power,perturbed_periphery_target,addition,10.0,0.03826868796930709,0.006438226310869242
power,perturbed_periphery_target,addition,15.0,0.05405331160022575,0.009365342445706507
power,perturbed_periphery_target,addition,20.0,0.06942647855523419,0.014535796066964606
power,perturbed_periphery_target,addition,30.0,0.10390215593345092,0.022118026477720917
power,perturbed_periphery_target,removal,50.0,0.0007973543768281673,0.0008796690416153759
power,perturbed_periphery_target,addition,50.0,0.19083760807971423,0.03527543812515515
power,perturbed_periphery_target,removal,60.0,0.00030570948823502916,0.0002343411890674667
power,perturbed_periphery_target,removal,70.0,0.00030330457994275697,0.0001455827928664336
power,perturbed_periphery_target,removal,75.0,0.0003716404086425861,0.00016990303683248195
power,perturbed_periphery_target,removal,80.0,0.000454858534631866,0.00016577766671825069
power,perturbed_periphery_target,removal,85.0,0.000518073834997404,0.00014469351577685573
power,perturbed_periphery_target,removal,90.0,0.0006503313532297251,0.00011192268868327332
power,perturbed_periphery_target,removal,95.0,0.000704703215692644,0.00010070406556579886
power,perturbed_periphery_target,removal,98.0,0.0007513016626599769,7.494110404034367e-05
power,perturbed_periphery_target,addition,100.0,0.46155545382505275,0.09270145318857156
power,perturbed_periphery_target,addition,150.0,0.7899081034531971,0.13416355541371025
power,perturbed_periphery_target,addition,200.0,1.1454584370078944,0.15241501357157108
power,perturbed_random_target,added_edges,5.0,0.021408137358428714,0.0034277306618954043
power,perturbed_random_target,added_edges,10.0,0.037148752394272344,0.008429358633975965
power,perturbed_random_target,added_edges,15.0,0.05137442042747049,0.009131891985554532
power,perturbed_random_target,added_edges,20.0,0.06428087943839579,0.012119302360718717
power,perturbed_random_target,added_edges,30.0,0.09146940279678749,0.019439003531374704
power,perturbed_random_target,added_edges,50.0,0.15811591716961415,0.03318946404753603
power,perturbed_random_target,removed_edges,50.0,0.0019486699201133391,0.0013038271814151095
power,perturbed_random_target,removed_edges,60.0,0.000677281517507709,0.0005750642175093264
power,perturbed_random_target,removed_edges,70.0,0.00025020520153104845,0.0002058223504517474
power,perturbed_random_target,removed_edges,75.0,0.0002411981352541804,0.00012558487654396172
power,perturbed_random_target,removed_edges,80.0,0.00028716541589714103,0.00012502963051609764
power,perturbed_random_target,removed_edges,85.0,0.000422537697302117,0.00014291884969615438
power,perturbed_random_target,removed_edges,90.0,0.0005284825242318899,0.000136947907770465
power,perturbed_random_target,removed_edges,95.0,0.0006752745195877449,0.0001075252257758711
power,perturbed_random_target,removed_edges,98.0,0.0007462590043649059,7.802395699056325e-05
power,perturbed_random_target,added_edges,100.0,0.33902962047480606,0.07920071445097707
power,perturbed_random_target,added_edges,150.0,0.5886663859823077,0.09894341496273913
power,perturbed_random_target,added_edges,200.0,0.7624947203068997,0.07007613684312176
power_conf,baseline,none,0.0,0.0316544527385455,0.0
power_conf,perturbed_hub_target,addition,5.0,0.036433822918987835,0.004402869935663874
power_conf,perturbed_hub_target,addition,10.0,0.043470829759146595,0.006915343414513394
power_conf,perturbed_hub_target,addition,15.0,0.050011236871699394,0.010435142363586362
power_conf,perturbed_hub_target,addition,20.0,0.05897636605127479,0.012290707753820284
power_conf,perturbed_hub_target,addition,30.0,0.07380418688787772,0.015292644469993889
power_conf,perturbed_hub_target,addition,50.0,0.10786748604135982,0.024229957186643326
power_conf,perturbed_hub_target,removal,50.0,0.008456264301894225,0.0045986650138871935
power_conf,perturbed_hub_target,removal,60.0,0.0002962234725838347,0.00016024727526392355
power_conf,perturbed_hub_target,removal,70.0,0.002642238112543278,0.0008412986787118721
power_conf,perturbed_hub_target,removal,75.0,0.005636740479816722,0.0015324862012198906
power_conf,perturbed_hub_target,removal,80.0,0.0096961803344629,0.0026061182046250003
power_conf,perturbed_hub_target,removal,85.0,0.014199471969487303,0.0036630568532928956
power_conf,perturbed_hub_target,removal,90.0,0.019034513061447985,0.004294859628081984
power_conf,perturbed_hub_target,removal,95.0,0.024719108603553832,0.004990980859268307
power_conf,perturbed_hub_target,removal,98.0,0.02845927339670513,0.00420059924599127
power_conf,perturbed_hub_target,addition,100.0,0.200818315821759,0.042469046809972155
power_conf,perturbed_hub_target,addition,150.0,0.31338759866731736,0.04970478379419266
power_conf,perturbed_hub_target,addition,200.0,0.40426463459134643,0.09221463467344759
power_conf,perturbed_periphery_target,addition,5.0,0.03896176956452106,0.00584898311493398
power_conf,perturbed_periphery_target,addition,10.0,0.048994096880169494,0.010845042539622497
power_conf,perturbed_periphery_target,addition,15.0,0.063710210606532,0.01400147329640857
power_conf,perturbed_periphery_target,addition,20.0,0.07771402466513777,0.014505899186144729
power_conf,perturbed_periphery_target,addition,30.0,0.10755688971040796,0.020141178385492516
power_conf,perturbed_periphery_target,addition,50.0,0.1891570071747567,0.04396779547823242
power_conf,perturbed_periphery_target,removal,50.0,0.01482188211731834,0.003656711419388589
power_conf,perturbed_periphery_target,removal,60.0,0.017881670360125914,0.004679744967174581
power_conf,perturbed_periphery_target,removal,70.0,0.02075190398064433,0.005101366078082744
power_conf,perturbed_periphery_target,removal,75.0,0.022181548834429875,0.005463595218286673
power_conf,perturbed_periphery_target,removal,80.0,0.022741964322168694,0.0055466161914060385
power_conf,perturbed_periphery_target,removal,85.0,0.024429044967464453,0.005739331611418033
power_conf,perturbed_periphery_target,removal,90.0,0.025644414404320595,0.004678929650592267
power_conf,perturbed_periphery_target,removal,95.0,0.028347464813578242,0.0048755790489171695
power_conf,perturbed_periphery_target,removal,98.0,0.02852205043452684,0.005315422877795772
power_conf,perturbed_periphery_target,addition,100.0,0.48987411929133223,0.0929059152342437
power_conf,perturbed_periphery_target,addition,150.0,0.8406736058112326,0.13573343377211908
power_conf,perturbed_periphery_target,addition,200.0,1.1871572744274341,0.15328600340800608
power_conf,perturbed_random_target,added_edges,5.0,0.03951066368488913,0.005538610129896933
power_conf,perturbed_random_target,added_edges,10.0,0.04880152188664599,0.0104253478792591
power_conf,perturbed_random_target,added_edges,15.0,0.05712095553478322,0.011813484279068948
power_conf,perturbed_random_target,added_edges,20.0,0.07121434447508213,0.014999866400572525
power_conf,perturbed_random_target,added_edges,30.0,0.09218739055715078,0.021801869505458413
power_conf,perturbed_random_target,removed_edges,50.0,0.0021106611536663403,0.0007609468652135898
power_conf,perturbed_random_target,added_edges,50.0,0.15373956715309206,0.03422604169531838
power_conf,perturbed_random_target,removed_edges,60.0,0.005650693155291825,0.00186772305432284
power_conf,perturbed_random_target,removed_edges,70.0,0.00965505173809064,0.002400647728262647
power_conf,perturbed_random_target,removed_edges,75.0,0.01259220867185939,0.0031994806707266476
power_conf,perturbed_random_target,removed_edges,80.0,0.014943937386504662,0.004074801121301601
power_conf,perturbed_random_target,removed_edges,85.0,0.019014321737993917,0.004152683239636618
power_conf,perturbed_random_target,removed_edges,90.0,0.021127479734824536,0.004303790681306347
power_conf,perturbed_random_target,removed_edges,95.0,0.024064587923076246,0.004416771416338556
power_conf,perturbed_random_target,removed_edges,98.0,0.027904702348615813,0.004749092193133187
power_conf,perturbed_random_target,added_edges,100.0,0.3269095942406461,0.07011094834492669
power_conf,perturbed_random_target,added_edges,150.0,0.5616055419861439,0.10540454638997038
power_conf,perturbed_random_target,added_edges,200.0,0.7570803026834034,0.0817577457371513
power_er,baseline,none,0.0,0.0487576088941008,0.0
power_er,perturbed_hub_target,addition,5.0,0.05490177627050026,0.007402945931473451
power_er,perturbed_hub_target,addition,10.0,0.06449708028681457,0.013242038200749904
power_er,perturbed_hub_target,addition,15.0,0.07141558058053162,0.01524341081236679
power_er,perturbed_hub_target,addition,20.0,0.08195243561881943,0.01889973282024019
power_er,perturbed_hub_target,addition,30.0,0.09633744207237116,0.019401495503894677
power_er,perturbed_hub_target,addition,50.0,0.12827754833535635,0.02539283835714833
power_er,perturbed_hub_target,removal,50.0,0.002341551526985322,0.0016691050420665826
power_er,perturbed_hub_target,removal,60.0,0.00098738380772435,0.000385410723751717
power_er,perturbed_hub_target,removal,70.0,0.006243344585952992,0.001560685787074517
power_er,perturbed_hub_target,removal,75.0,0.01050783786567009,0.0024815783208867984
power_er,perturbed_hub_target,removal,80.0,0.015999433260527288,0.0037782285876534136
power_er,perturbed_hub_target,removal,85.0,0.02346897576022287,0.006088113962705181
power_er,perturbed_hub_target,removal,90.0,0.031252499835525194,0.006623679413164804
power_er,perturbed_hub_target,removal,95.0,0.0405095376839284,0.007677777719346145
power_er,perturbed_hub_target,removal,98.0,0.045564305270216765,0.005704917496745856
power_er,perturbed_hub_target,addition,100.0,0.2072888971634355,0.04578345039001153
power_er,perturbed_hub_target,addition,150.0,0.2735468799747314,0.049933175791283174
power_er,perturbed_hub_target,addition,200.0,0.32498440917271154,0.04502771895372462
power_er,perturbed_periphery_target,addition,5.0,0.05566490610386,0.010486292600992356
power_er,perturbed_periphery_target,addition,10.0,0.07079373855866625,0.014558304916252538
power_er,perturbed_periphery_target,addition,15.0,0.08563184887380616,0.018490402674034515
power_er,perturbed_periphery_target,addition,20.0,0.10276376778861294,0.02476594204168545
power_er,perturbed_periphery_target,addition,30.0,0.1460685177440992,0.02950312364933171
power_er,perturbed_periphery_target,addition,50.0,0.2595480117778404,0.04693544729484069
power_er,perturbed_periphery_target,removal,50.0,0.010705128396161598,0.002899600618779961
power_er,perturbed_periphery_target,removal,60.0,0.017367409109136454,0.00513869293299006
power_er,perturbed_periphery_target,removal,70.0,0.025650222925096076,0.006402046513382012
power_er,perturbed_periphery_target,removal,75.0,0.029277184461010818,0.0070942280335463525
power_er,perturbed_periphery_target,removal,80.0,0.03343777447824405,0.007855043982360496
power_er,perturbed_periphery_target,removal,85.0,0.0373099832177724,0.008995872819404314
power_er,perturbed_periphery_target,removal,90.0,0.04215625021625166,0.00854049116978303
power_er,perturbed_periphery_target,removal,95.0,0.04699660004571567,0.007665599042738259
power_er,perturbed_periphery_target,removal,98.0,0.04899327957907281,0.0056632727600463536
power_er,perturbed_periphery_target,addition,100.0,0.631333921352787,0.10121315906551351
power_er,perturbed_periphery_target,addition,150.0,1.0874902812163572,0.14842698019558198
power_er,perturbed_periphery_target,addition,200.0,1.4137447865793646,0.13660011260690194
power_er,perturbed_random_target,added_edges,5.0,0.05685994745785373,0.008647389691157546
power_er,perturbed_random_target,added_edges,10.0,0.0685001027698541,0.014872851432137322
power_er,perturbed_random_target,added_edges,15.0,0.07640996786185603,0.01669157175732343
power_er,perturbed_random_target,added_edges,20.0,0.08663507032651188,0.019756244454869072
power_er,perturbed_random_target,added_edges,30.0,0.11786050658018658,0.024435844365722877
power_er,perturbed_random_target,added_edges,50.0,0.17684421975937029,0.0354400470635203
power_er,perturbed_random_target,removed_edges,50.0,0.001663460718328392,0.0006273985164611375
power_er,perturbed_random_target,removed_edges,60.0,0.005892324208972312,0.0018045630153576291
power_er,perturbed_random_target,removed_edges,70.0,0.012369745549256605,0.003234702742656263
power_er,perturbed_random_target,removed_edges,75.0,0.01686980153830788,0.005246314049072572
power_er,perturbed_random_target,removed_edges,80.0,0.021024899435233165,0.005493678081191998
power_er,perturbed_random_target,removed_edges,85.0,0.027275197878639804,0.007096735060237424
power_er,perturbed_random_target,removed_edges,90.0,0.035480814742852404,0.00783668093728886
power_er,perturbed_random_target,removed_edges,95.0,0.04225504560167428,0.00723189206172864
power_er,perturbed_random_target,removed_edges,98.0,0.04700460727665076,0.005452474905816594
power_er,perturbed_random_target,added_edges,100.0,0.3585639886791214,0.0918656507465209
power_er,perturbed_random_target,added_edges,150.0,0.6242548692203055,0.10909078951308937
power_er,perturbed_random_target,added_edges,200.0,0.8291718119664406,0.1376577902340057
power_sbm,baseline,none,0.0,0.0038695406653931,0.0
power_sbm,perturbed_hub_target,addition,5.0,0.04937005433657919,0.004810948098056312
power_sbm,perturbed_hub_target,addition,10.0,0.06117549582770761,0.009459138350272133
power_sbm,perturbed_hub_target,addition,15.0,0.06893789686136623,0.011604343689535876
power_sbm,perturbed_hub_target,addition,20.0,0.07323170663492044,0.014345981984820936
power_sbm,perturbed_hub_target,addition,30.0,0.08745268392843025,0.020539038807056785
power_sbm,perturbed_hub_target,removal,50.0,0.0009735012323913811,0.0010060067194366867
power_sbm,perturbed_hub_target,addition,50.0,0.11732830862066837,0.026842836119557942
power_sbm,perturbed_hub_target,removal,60.0,0.00043702338923532104,0.00017103202661753245
power_sbm,perturbed_hub_target,removal,70.0,0.0013065329181223002,0.0003762644325546679
power_sbm,perturbed_hub_target,removal,75.0,0.0017534051069311829,0.0005381984185890568
power_sbm,perturbed_hub_target,removal,80.0,0.002369434991193413,0.0004908619240386464
power_sbm,perturbed_hub_target,removal,85.0,0.0029000995179557345,0.0005803933371484212
power_sbm,perturbed_hub_target,removal,90.0,0.003319692773585128,0.00041597000700660617
power_sbm,perturbed_hub_target,removal,95.0,0.0036414883853757496,0.00039624322827507084
power_sbm,perturbed_hub_target,removal,98.0,0.0037996581723730273,0.0001754748193065066
power_sbm,perturbed_hub_target,addition,100.0,0.18081482113842148,0.03960020999137975
power_sbm,perturbed_hub_target,addition,150.0,0.26388558056506517,0.05548208157333411
power_sbm,perturbed_hub_target,addition,200.0,0.31910181898152307,0.06247859238501622
power_sbm,perturbed_periphery_target,addition,5.0,0.037275105477281675,0.005274621340980861
power_sbm,perturbed_periphery_target,addition,10.0,0.060522373979435676,0.01252736644377301
power_sbm,perturbed_periphery_target,addition,15.0,0.07432470758548379,0.015868067809408016
power_sbm,perturbed_periphery_target,addition,20.0,0.09331143456908153,0.0213326465396653
power_sbm,perturbed_periphery_target,addition,30.0,0.14670200224960817,0.03392196989779358
power_sbm,perturbed_periphery_target,removal,50.0,0.001465597805521514,0.00045626787861153086
power_sbm,perturbed_periphery_target,addition,50.0,0.2529067993412639,0.05528878164175022
power_sbm,perturbed_periphery_target,removal,60.0,0.001997389820671609,0.00036333808272185676
power_sbm,perturbed_periphery_target,removal,70.0,0.0027746125523213884,0.00039385676347183365
power_sbm,perturbed_periphery_target,removal,75.0,0.003009800398683425,0.00042804167362160684
power_sbm,perturbed_periphery_target,removal,80.0,0.0033690890217402316,0.00037266129811580596
power_sbm,perturbed_periphery_target,removal,85.0,0.003604934613018712,0.00030492838144384503
power_sbm,perturbed_periphery_target,removal,90.0,0.003774538867504296,0.00022008428322431076
power_sbm,perturbed_periphery_target,removal,95.0,0.0038603559885252475,0.00011074161731840768
power_sbm,perturbed_periphery_target,removal,98.0,0.0038844335335345105,0.00023747852222902321
power_sbm,perturbed_periphery_target,addition,100.0,0.6475675484210852,0.10689985964946194
power_sbm,perturbed_periphery_target,addition,150.0,1.0396070485543394,0.21819868853983743
power_sbm,perturbed_periphery_target,addition,200.0,1.435686755252313,0.27050025495536956
power_sbm,perturbed_random_target,added_edges,5.0,0.044880748063231286,0.0051292487134762
power_sbm,perturbed_random_target,added_edges,10.0,0.06335767139119063,0.011716003977720333
power_sbm,perturbed_random_target,added_edges,15.0,0.07103094054109961,0.01520144559115323
power_sbm,perturbed_random_target,added_edges,20.0,0.08187807269723126,0.019449289379610282
power_sbm,perturbed_random_target,added_edges,30.0,0.10770275257158396,0.026817369341318776
power_sbm,perturbed_random_target,added_edges,50.0,0.1749612908541512,0.039984097425381226
power_sbm,perturbed_random_target,removed_edges,50.0,0.0004068576051127612,0.00016824660085811726
power_sbm,perturbed_random_target,removed_edges,60.0,0.001007283347132637,0.0003228868747349645
power_sbm,perturbed_random_target,removed_edges,70.0,0.001871684513512379,0.00047021126217461844
power_sbm,perturbed_random_target,removed_edges,75.0,0.0022787565591927007,0.0004228510439302151
power_sbm,perturbed_random_target,removed_edges,80.0,0.002701217894189609,0.00042034318984974616
power_sbm,perturbed_random_target,removed_edges,85.0,0.0030985716975051847,0.0004966881465187316
power_sbm,perturbed_random_target,removed_edges,90.0,0.003400918530858181,0.00044840962115397877
power_sbm,perturbed_random_target,removed_edges,95.0,0.0037302299637285586,0.00028575045429706495
power_sbm,perturbed_random_target,removed_edges,98.0,0.003825307574389541,0.00030534008448203977
power_sbm,perturbed_random_target,added_edges,100.0,0.3701480957316959,0.09738238789469765
power_sbm,perturbed_random_target,added_edges,150.0,0.6636749329212706,0.12379287249689659
power_sbm,perturbed_random_target,added_edges,200.0,0.9133260575020894,0.20417049516512972
ppi,baseline,none,0.0,0.376360859627877,0.0
ppi,perturbed_hub_target,addition,5.0,0.3766416941059391,0.00016921492706754485
ppi,perturbed_hub_target,addition,10.0,0.3769572192982804,0.0003757014289235019
ppi,perturbed_hub_target,addition,15.0,0.3772020272043858,0.0003871677698915328
ppi,perturbed_hub_target,addition,20.0,0.37772813136541067,0.0008102712259201053
ppi,perturbed_hub_target,addition,30.0,0.39210190102002296,0.048163173804141556
ppi,perturbed_hub_target,removal,50.0,0.3623602042967007,0.031221361280660494
ppi,perturbed_hub_target,addition,50.0,0.42194106723153285,0.08116000441938236
ppi,perturbed_hub_target,removal,60.0,0.3696795988347877,0.01923565763062159
ppi,perturbed_hub_target,removal,70.0,0.3735374855941371,0.006368383193762411
ppi,perturbed_hub_target,removal,75.0,0.3736530107047243,0.011460055549990418
ppi,perturbed_hub_target,removal,80.0,0.3717238499788508,0.022492940534273302
ppi,perturbed_hub_target,removal,85.0,0.37459922811668384,0.012543126572282456
ppi,perturbed_hub_target,removal,90.0,0.37609978339237365,0.0001515594844914431
ppi,perturbed_hub_target,removal,95.0,0.3762801807615945,8.127781323114874e-05
ppi,perturbed_hub_target,removal,98.0,0.37633441793586025,5.425907684702659e-05
ppi,perturbed_hub_target,addition,100.0,0.5516200184735129,0.13575444138115847
ppi,perturbed_hub_target,addition,150.0,0.6891693825517496,0.1151218474278115
ppi,perturbed_hub_target,addition,200.0,0.7831499554478226,0.10853622837784206
ppi,perturbed_periphery_target,addition,5.0,1.9378764555089032,0.19576135980435488
ppi,perturbed_periphery_target,addition,10.0,3.4609938618837406,0.43127838486041054
ppi,perturbed_periphery_target,addition,15.0,4.855105271013984,0.48677789925855897
ppi,perturbed_periphery_target,addition,20.0,5.910334251957681,0.6350060985343531
ppi,perturbed_periphery_target,addition,30.0,8.093180618977918,0.6299537724530992
ppi,perturbed_periphery_target,addition,50.0,11.441558449210092,0.809411244592422
ppi,perturbed_periphery_target,removal,50.0,0.7082895588654949,0.14629364862757907
ppi,perturbed_periphery_target,removal,60.0,0.7690607950881191,0.11825462371247675
ppi,perturbed_periphery_target,removal,70.0,0.7925087210020871,0.11929480446600757
ppi,perturbed_periphery_target,removal,75.0,0.8250973609997093,0.08870679134958932
ppi,perturbed_periphery_target,removal,80.0,0.8278380510085631,0.06998600907038038
ppi,perturbed_periphery_target,removal,85.0,0.8075177588637669,0.09049075700723327
ppi,perturbed_periphery_target,removal,90.0,0.7841005836519203,0.10925921533514912
ppi,perturbed_periphery_target,removal,95.0,0.7559459258695251,0.0799268242311506
ppi,perturbed_periphery_target,removal,98.0,0.6684650764316362,0.12070558574088222
ppi,perturbed_periphery_target,addition,100.0,17.195419145070602,0.26579190431864846
ppi,perturbed_periphery_target,addition,150.0,20.692938436618423,0.07898576967971664
ppi,perturbed_periphery_target,addition,200.0,23.673796556148254,0.06800109327651936
ppi,perturbed_random_target,added_edges,5.0,0.5877972924763512,0.11253706938480769
ppi,perturbed_random_target,added_edges,10.0,0.8216800354707243,0.07765401294262449
ppi,perturbed_random_target,added_edges,15.0,0.940617583537373,0.09171178642689663
ppi,perturbed_random_target,added_edges,20.0,1.3380968161250764,0.4224962468634493
ppi,perturbed_random_target,added_edges,30.0,2.7387366680396266,0.5471022418617062
ppi,perturbed_random_target,removed_edges,50.0,0.23978244588835984,0.05386266698737596
ppi,perturbed_random_target,added_edges,50.0,6.321472746236492,0.9288591183274343
ppi,perturbed_random_target,removed_edges,60.0,0.25793582512820984,0.056530252963653396
ppi,perturbed_random_target,removed_edges,70.0,0.2762510797113057,0.05893310410133581
ppi,perturbed_random_target,removed_edges,75.0,0.27605276510442955,0.06399961175561858
ppi,perturbed_random_target,removed_edges,80.0,0.2882756708475768,0.0679188863821661
ppi,perturbed_random_target,removed_edges,85.0,0.3064780599550684,0.06147315921928702
ppi,perturbed_random_target,removed_edges,90.0,0.32149435051680003,0.05758209921366763
ppi,perturbed_random_target,removed_edges,95.0,0.342117897856852,0.05618025506087216
ppi,perturbed_random_target,removed_edges,98.0,0.36515030648285673,0.030137209007585333
ppi,perturbed_random_target,added_edges,100.0,17.612459034290765,1.408757239544685
ppi,perturbed_random_target,added_edges,150.0,30.128797584621694,1.9766879706803329
ppi,perturbed_random_target,added_edges,200.0,43.49500219097081,2.2762657999824047
ppi_conf,baseline,none,0.0,0.3512078695576875,0.0
ppi_conf,perturbed_hub_target,addition,5.0,0.3551953714103228,0.007983488773348325
ppi_conf,perturbed_hub_target,addition,10.0,0.3640985556675806,0.03146189034950918
ppi_conf,perturbed_hub_target,addition,15.0,0.3773129302520457,0.05076315046494258
ppi_conf,perturbed_hub_target,addition,20.0,0.3864526589687321,0.06747385198829446
ppi_conf,perturbed_hub_target,addition,30.0,0.40495077966513304,0.08225986818330872
ppi_conf,perturbed_hub_target,removal,50.0,0.3473352503392529,0.0038160515815708783
ppi_conf,perturbed_hub_target,addition,50.0,0.5105351056075802,0.11920775559013891
ppi_conf,perturbed_hub_target,removal,60.0,0.3494819754936037,0.0036099011218677377
ppi_conf,perturbed_hub_target,removal,70.0,0.350172789016099,0.0017065940359100489
ppi_conf,perturbed_hub_target,removal,75.0,0.3505601139020769,0.0031071410027384695
ppi_conf,perturbed_hub_target,removal,80.0,0.350222301818687,0.0019656505135955855
ppi_conf,perturbed_hub_target,removal,85.0,0.3507859197151318,0.0010981966274911188
ppi_conf,perturbed_hub_target,removal,90.0,0.3510809781700565,0.0005359789553855697
ppi_conf,perturbed_hub_target,removal,95.0,0.3510744807036456,0.0006489441255108344
ppi_conf,perturbed_hub_target,removal,98.0,0.35112548379790787,0.0005360761089451061
ppi_conf,perturbed_hub_target,addition,100.0,0.6641191834244512,0.1018964126483785
ppi_conf,perturbed_hub_target,addition,150.0,0.7812250896663667,0.11087650644022028
ppi_conf,perturbed_hub_target,addition,200.0,0.8638608996838307,0.0719108425162008
ppi_conf,perturbed_periphery_target,addition,5.0,1.9908006810760002,0.20203432135596336
ppi_conf,perturbed_periphery_target,addition,10.0,3.5467743939604817,0.38474821089601285
ppi_conf,perturbed_periphery_target,addition,15.0,4.757334965400073,0.4826974922246265
ppi_conf,perturbed_periphery_target,addition,20.0,6.011551853770174,0.5223470195698416
ppi_conf,perturbed_periphery_target,addition,30.0,7.983081705304537,0.7176699241123927
ppi_conf,perturbed_periphery_target,removal,50.0,0.890688384402158,0.03820825636837759
ppi_conf,perturbed_periphery_target,addition,50.0,11.458756295256087,0.8034866726342222
ppi_conf,perturbed_periphery_target,removal,60.0,0.8857523679992609,0.06476235098256543
ppi_conf,perturbed_periphery_target,removal,70.0,0.8960610152011377,0.04631390520147268
ppi_conf,perturbed_periphery_target,removal,75.0,0.9041916007048778,0.03413493456994332
ppi_conf,perturbed_periphery_target,removal,80.0,0.9006833946146936,0.03561806619872114
ppi_conf,perturbed_periphery_target,removal,85.0,0.8880560106569085,0.04024901320865474
ppi_conf,perturbed_periphery_target,removal,90.0,0.8887069201917502,0.04036347732910773
ppi_conf,perturbed_periphery_target,removal,95.0,0.8560918742452154,0.051253220815488956
ppi_conf,perturbed_periphery_target,removal,98.0,0.7916618735282255,0.09662995069774744
ppi_conf,perturbed_periphery_target,addition,100.0,18.308354200608086,1.0361215362988188
ppi_conf,perturbed_periphery_target,addition,150.0,23.70240728593176,1.0197725748412623
ppi_conf,perturbed_periphery_target,addition,200.0,28.345657447387158,1.3064869489498028
ppi_conf,perturbed_random_target,added_edges,5.0,0.6630642506355113,0.12808783351304703
ppi_conf,perturbed_random_target,added_edges,10.0,0.8598017340625005,0.08499962636603983
ppi_conf,perturbed_random_target,added_edges,15.0,0.9520249338741045,0.03370571225574805
ppi_conf,perturbed_random_target,added_edges,20.0,1.3328968224285975,0.4391648758894141
ppi_conf,perturbed_random_target,added_edges,30.0,2.6490488699256773,0.6745958568868344
ppi_conf,perturbed_random_target,added_edges,50.0,6.334387165499433,0.8925307345519842
ppi_conf,perturbed_random_target,removed_edges,50.0,0.3197049620021803,0.04518781538799623
ppi_conf,perturbed_random_target,removed_edges,60.0,0.33349117522082034,0.03723357860105892
ppi_conf,perturbed_random_target,removed_edges,70.0,0.3476106294471581,0.024112199207947195
ppi_conf,perturbed_random_target,removed_edges,75.0,0.3503128202586509,0.03142311456792214
ppi_conf,perturbed_random_target,removed_edges,80.0,0.35058558705056236,0.019464618320117255
ppi_conf,perturbed_random_target,removed_edges,85.0,0.3526052085795676,0.014141715568289475
ppi_conf,perturbed_random_target,removed_edges,90.0,0.35393343967670987,0.011653307589649619
ppi_conf,perturbed_random_target,removed_edges,95.0,0.3509952830482693,0.007548051483181482
ppi_conf,perturbed_random_target,removed_edges,98.0,0.35129436210191606,0.004813072102226526
ppi_conf,perturbed_random_target,added_edges,100.0,17.707280893954717,1.3410579103765456
ppi_conf,perturbed_random_target,added_edges,150.0,30.227841654309856,2.2167450651292673
ppi_conf,perturbed_random_target,added_edges,200.0,43.81761640272826,2.230176659872174
ppi_er,baseline,none,0.0,14.170359016433938,0.0
ppi_er,perturbed_hub_target,addition,5.0,14.737238997971037,0.5429206709021858
ppi_er,perturbed_hub_target,addition,10.0,15.187471546703284,0.6205814261312631
ppi_er,perturbed_hub_target,addition,15.0,15.710990511049486,0.715591440768402
ppi_er,perturbed_hub_target,addition,20.0,16.315994691501068,0.8453018713531205
ppi_er,perturbed_hub_target,addition,30.0,17.07258737354981,0.9144184707547719
ppi_er,perturbed_hub_target,removal,50.0,5.492237103864607,0.7680604209933283
ppi_er,perturbed_hub_target,addition,50.0,19.25536837245232,1.2236066079040537
ppi_er,perturbed_hub_target,removal,60.0,7.930978875863974,0.6649383464762689
ppi_er,perturbed_hub_target,removal,70.0,9.783938909085292,0.6910808111510822
ppi_er,perturbed_hub_target,removal,75.0,10.843544891225992,0.7699680305023578
ppi_er,perturbed_hub_target,removal,80.0,11.501104482925985,0.788609073765882
ppi_er,perturbed_hub_target,removal,85.0,12.227894671879513,0.7867874057835167
ppi_er,perturbed_hub_target,removal,90.0,12.967169760600111,0.6030273331005158
ppi_er,perturbed_hub_target,removal,95.0,13.756103756999389,0.4881251888556931
ppi_er,perturbed_hub_target,removal,98.0,14.00454657961144,0.2996092353116652
ppi_er,perturbed_hub_target,addition,100.0,25.72324561317194,1.7947924167044917
ppi_er,perturbed_hub_target,addition,150.0,31.816337628724693,2.6227325644159185
ppi_er,perturbed_hub_target,addition,200.0,38.90010299701216,2.643804838503625
ppi_er,perturbed_periphery_target,addition,5.0,16.430308988567596,0.7026284111413101
ppi_er,perturbed_periphery_target,addition,10.0,18.442206259290224,0.8305554225188533
ppi_er,perturbed_periphery_target,addition,15.0,20.40859415912608,0.8009090171958652
ppi_er,perturbed_periphery_target,addition,20.0,22.21479815354696,0.9257456926979142
ppi_er,perturbed_periphery_target,addition,30.0,25.569671083197385,0.9469604295366657
ppi_er,perturbed_periphery_target,removal,50.0,0.9901654319906253,0.24310314286086604
ppi_er,perturbed_periphery_target,addition,50.0,32.01544191747487,1.0683444125988932
ppi_er,perturbed_periphery_target,removal,60.0,2.1570465231130402,0.5763279274644358
ppi_er,perturbed_periphery_target,removal,70.0,3.7649399539634403,0.9408876056593608
ppi_er,perturbed_periphery_target,removal,75.0,5.0608350437403535,0.875603936591339
ppi_er,perturbed_periphery_target,removal,80.0,6.254998679723701,0.945622582057544
ppi_er,perturbed_periphery_target,removal,85.0,7.790998444051883,1.0090120017921282
ppi_er,perturbed_periphery_target,removal,90.0,9.474358834918338,1.052129126180863
ppi_er,perturbed_periphery_target,removal,95.0,11.616068116225902,0.8922814512836799
ppi_er,perturbed_periphery_target,removal,98.0,12.979743366849686,0.7953702147966873
ppi_er,perturbed_periphery_target,addition,100.0,46.127929030632615,1.0384473628167936
ppi_er,perturbed_periphery_target,addition,150.0,58.85272456358325,1.228156932797201
ppi_er,perturbed_periphery_target,addition,200.0,70.61583081742984,1.507505044065287
ppi_er,perturbed_random_target,added_edges,5.0,15.215066852242362,0.6208675099532065
ppi_er,perturbed_random_target,added_edges,10.0,16.341998282118617,0.7646866044892959
ppi_er,perturbed_random_target,added_edges,15.0,17.326746771325457,1.110865634055066
ppi_er,perturbed_random_target,added_edges,20.0,18.386383556565598,0.8682878460732548
ppi_er,perturbed_random_target,added_edges,30.0,20.698732796621602,1.1759928897240197
ppi_er,perturbed_random_target,added_edges,50.0,25.643926326691236,1.287506099569985
ppi_er,perturbed_random_target,removed_edges,50.0,3.4995695699465603,0.6564314407657289
ppi_er,perturbed_random_target,removed_edges,60.0,5.1307489376406235,0.7465903831324174
ppi_er,perturbed_random_target,removed_edges,70.0,7.201564325730958,0.8609713256212255
ppi_er,perturbed_random_target,removed_edges,75.0,8.33943133836091,0.9566910155706518
ppi_er,perturbed_random_target,removed_edges,80.0,9.5450324094767,0.7201185112711999
ppi_er,perturbed_random_target,removed_edges,85.0,10.58328202874259,0.8328795795597476
ppi_er,perturbed_random_target,removed_edges,90.0,11.878246292955339,0.7143423628653474
ppi_er,perturbed_random_target,removed_edges,95.0,12.947738456148478,0.7249276927319165
ppi_er,perturbed_random_target,removed_edges,98.0,13.698304874338868,0.5261516501944006
ppi_er,perturbed_random_target,added_edges,100.0,38.51515581386076,1.9032124279793212
ppi_er,perturbed_random_target,added_edges,150.0,51.55377692300237,2.1016038986668186
ppi_er,perturbed_random_target,added_edges,200.0,65.6359305538799,2.2729137371650494
ppi_sbm,baseline,none,0.0,0.2588103262278982,0.0
ppi_sbm,perturbed_hub_target,addition,5.0,0.27828711233820136,0.04235087290932137
ppi_sbm,perturbed_hub_target,addition,10.0,0.30476224710127275,0.055676939800516405
ppi_sbm,perturbed_hub_target,addition,15.0,0.33195324371063006,0.059702987019528496
ppi_sbm,perturbed_hub_target,addition,20.0,0.3407144250114003,0.07137722421946012
ppi_sbm,perturbed_hub_target,addition,30.0,0.37900677460776033,0.08682682599849169
ppi_sbm,perturbed_hub_target,addition,50.0,0.4396852023131936,0.1055111275795592
ppi_sbm,perturbed_hub_target,removal,50.0,0.2561411534138828,0.015632200316582807
ppi_sbm,perturbed_hub_target,removal,60.0,0.2556946464867166,0.0013285145171997718
ppi_sbm,perturbed_hub_target,removal,70.0,0.2570180520360089,0.0009069994259425665
ppi_sbm,perturbed_hub_target,removal,75.0,0.25746453538590336,0.0007533359632159113
ppi_sbm,perturbed_hub_target,removal,80.0,0.2589810976882177,0.0107873617367399
ppi_sbm,perturbed_hub_target,removal,85.0,0.25815164805970764,0.0005188801196532914
ppi_sbm,perturbed_hub_target,removal,90.0,0.25849145373189725,0.00035555804142334193
ppi_sbm,perturbed_hub_target,removal,95.0,0.25861890819238814,0.00028879086704180026
ppi_sbm,perturbed_hub_target,removal,98.0,0.2587330927331426,0.00018311645029516787
ppi_sbm,perturbed_hub_target,addition,100.0,0.6381551631456428,0.14173293943645712
ppi_sbm,perturbed_hub_target,addition,150.0,0.7651552288063123,0.1112270146320624
ppi_sbm,perturbed_hub_target,addition,200.0,0.8546457196143156,0.08433150759728701
ppi_sbm,perturbed_periphery_target,addition,5.0,2.12645643461738,0.3076054383470927
ppi_sbm,perturbed_periphery_target,addition,10.0,3.7183365583659445,0.34128061883794075
ppi_sbm,perturbed_periphery_target,addition,15.0,4.95669486753349,0.5743151083319213
ppi_sbm,perturbed_periphery_target,addition,20.0,6.316475020337856,0.5775662231278997
ppi_sbm,perturbed_periphery_target,addition,30.0,8.3910520713357,0.695666204349069
ppi_sbm,perturbed_periphery_target,removal,50.0,0.8039724283309101,0.10992607605190824
ppi_sbm,perturbed_periphery_target,addition,50.0,11.955064716330856,0.7837920214085045
ppi_sbm,perturbed_periphery_target,removal,60.0,0.8478111374065879,0.0610993059676667
ppi_sbm,perturbed_periphery_target,removal,70.0,0.8438269117233591,0.09790718029900804
ppi_sbm,perturbed_periphery_target,removal,75.0,0.8679805134205675,0.06994977888193343
ppi_sbm,perturbed_periphery_target,removal,80.0,0.862542452982241,0.07567150077121942
ppi_sbm,perturbed_periphery_target,removal,85.0,0.8551712645785563,0.08301877099854248
ppi_sbm,perturbed_periphery_target,removal,90.0,0.8509145239064747,0.07294224485228787
ppi_sbm,perturbed_periphery_target,removal,95.0,0.8215384344208556,0.063566357253983
ppi_sbm,perturbed_periphery_target,removal,98.0,0.7472259079092857,0.11095188342988435
ppi_sbm,perturbed_periphery_target,addition,100.0,18.75040688878031,0.8266050352940179
ppi_sbm,perturbed_periphery_target,addition,150.0,23.352255266238526,0.244689387721317
ppi_sbm,perturbed_periphery_target,addition,200.0,26.795207103573226,0.3869131149924818
ppi_sbm,perturbed_random_target,added_edges,5.0,0.6351767026662868,0.13954135148380295
ppi_sbm,perturbed_random_target,added_edges,10.0,0.852649175614765,0.06638471236933807
ppi_sbm,perturbed_random_target,added_edges,15.0,0.9553636230256584,0.09505077478515285
ppi_sbm,perturbed_random_target,added_edges,20.0,1.3395428357334183,0.44021109948828085
ppi_sbm,perturbed_random_target,added_edges,30.0,2.6975159572810945,0.6290738866788839
ppi_sbm,perturbed_random_target,removed_edges,50.0,0.28507385885129133,0.04990689193441162
ppi_sbm,perturbed_random_target,added_edges,50.0,5.981072306818407,0.9888541496746293
ppi_sbm,perturbed_random_target,removed_edges,60.0,0.3138289067909792,0.046535674417410286
ppi_sbm,perturbed_random_target,removed_edges,70.0,0.31393965748661473,0.04835294410334476
ppi_sbm,perturbed_random_target,removed_edges,75.0,0.30922618496041093,0.05100432965523771
ppi_sbm,perturbed_random_target,removed_edges,80.0,0.3035841228963973,0.05024618534324032
ppi_sbm,perturbed_random_target,removed_edges,85.0,0.2970016718906397,0.05266225031300906
ppi_sbm,perturbed_random_target,removed_edges,90.0,0.2886162992793276,0.048920594072496694
ppi_sbm,perturbed_random_target,removed_edges,95.0,0.27239958972519945,0.036655947526325304
ppi_sbm,perturbed_random_target,removed_edges,98.0,0.26623374911317566,0.027998060794091187
ppi_sbm,perturbed_random_target,added_edges,100.0,16.85443965507454,1.6117940790133223
ppi_sbm,perturbed_random_target,added_edges,150.0,28.93788258899315,1.8666936714980782
ppi_sbm,perturbed_random_target,added_edges,200.0,42.54136834201137,2.028113618809197
wiki,baseline,none,0.0,0.165048904782737,0.0
wiki,perturbed_hub_target,addition,5.0,0.22588297296164414,0.0671113262023143
wiki,perturbed_hub_target,addition,10.0,0.2510153454315687,0.07541912483360183
wiki,perturbed_hub_target,addition,15.0,0.2812564518564161,0.07208972529027544
wiki,perturbed_hub_target,addition,20.0,0.31202956766667106,0.06242982839886334
wiki,perturbed_hub_target,addition,30.0,0.3379561080868059,0.050962706835054127
wiki,perturbed_hub_target,removal,50.0,0.16341977967140425,0.00075231948260684
wiki,perturbed_hub_target,addition,50.0,0.38997209694662116,0.07022549678470838
wiki,perturbed_hub_target,removal,60.0,0.16576086150696023,0.01734613655479587
wiki,perturbed_hub_target,removal,70.0,0.16441891039425902,0.00038477709245153297
wiki,perturbed_hub_target,removal,75.0,0.16457485003511146,0.0003537208055040207
wiki,perturbed_hub_target,removal,80.0,0.16638956181881726,0.017300342712168144
wiki,perturbed_hub_target,removal,85.0,0.1647900718545778,0.00031943554467879005
wiki,perturbed_hub_target,removal,90.0,0.16491475719299892,0.000216387071984491
wiki,perturbed_hub_target,removal,95.0,0.16495720892938887,0.00017647998509847884
wiki,perturbed_hub_target,removal,98.0,0.16500715749477693,0.0001054424408864792
wiki,perturbed_hub_target,addition,100.0,0.5757403432484826,0.124856780314612
wiki,perturbed_hub_target,addition,150.0,0.7214372369622957,0.12339308717555311
wiki,perturbed_hub_target,addition,200.0,0.8315867635477002,0.0915003396570732
wiki,perturbed_periphery_target,addition,5.0,0.6968734253184182,0.16038910672473666
wiki,perturbed_periphery_target,addition,10.0,1.010626263476186,0.16975557460972376
wiki,perturbed_periphery_target,addition,15.0,1.76909757037161,0.28882064185341094
wiki,perturbed_periphery_target,addition,20.0,2.2397003795429504,0.41079816431331767
wiki,perturbed_periphery_target,addition,30.0,3.3184539345987942,0.4143989430797167
wiki,perturbed_periphery_target,removal,50.0,0.9313141372763093,0.019428396260430737
wiki,perturbed_periphery_target,addition,50.0,4.9865874822024425,0.5358464495485668
wiki,perturbed_periphery_target,removal,60.0,0.9268769946883872,0.03648768204650516
wiki,perturbed_periphery_target,removal,70.0,0.9238155370091209,0.01586378280668433
wiki,perturbed_periphery_target,removal,75.0,0.9205687813238853,0.016067515674740927
wiki,perturbed_periphery_target,removal,80.0,0.9089190320615884,0.03992415463384583
wiki,perturbed_periphery_target,removal,85.0,0.9076035698763352,0.02179621140392511
wiki,perturbed_periphery_target,removal,90.0,0.8826521335597731,0.04168230930776816
wiki,perturbed_periphery_target,removal,95.0,0.8194053132959652,0.05316019095560521
wiki,perturbed_periphery_target,removal,98.0,0.7427863051778436,0.08123459045824355
wiki,perturbed_periphery_target,addition,100.0,7.901626635783828,0.26007850517589914
wiki,perturbed_periphery_target,addition,150.0,9.902305415888582,0.06085205035435346
wiki,perturbed_periphery_target,addition,200.0,11.508860213868951,0.20182555020722495
wiki,perturbed_random_target,added_edges,5.0,0.46168412105311707,0.10997618607305804
wiki,perturbed_random_target,added_edges,10.0,0.7403738635368653,0.12279429257195466
wiki,perturbed_random_target,added_edges,15.0,0.88693477971284,0.07289135917932979
wiki,perturbed_random_target,added_edges,20.0,0.9480369293117602,0.044872371551617364
wiki,perturbed_random_target,added_edges,30.0,1.5064285769070578,0.41312218777251536
wiki,perturbed_random_target,removed_edges,50.0,0.2468496341691389,0.0630156055469311
wiki,perturbed_random_target,added_edges,50.0,3.9230154673515347,0.6990941016317663
wiki,perturbed_random_target,removed_edges,60.0,0.25527288821358113,0.06645106429307898
wiki,perturbed_random_target,removed_edges,70.0,0.24530555193199866,0.06295038958336897
wiki,perturbed_random_target,removed_edges,75.0,0.23550557536280903,0.06490206751333012
wiki,perturbed_random_target,removed_edges,80.0,0.22827646562351725,0.06780306385367914
wiki,perturbed_random_target,removed_edges,85.0,0.21500466237004198,0.06202436840754376
wiki,perturbed_random_target,removed_edges,90.0,0.18968131069681796,0.04537126463247983
wiki,perturbed_random_target,removed_edges,95.0,0.1795845009065036,0.03961600246505749
wiki,perturbed_random_target,removed_edges,98.0,0.178418448414163,0.04141436884553721
wiki,perturbed_random_target,added_edges,100.0,12.234748581404574,1.275819175453199
wiki,perturbed_random_target,added_edges,150.0,21.811013521742215,1.5909646290100123
wiki,perturbed_random_target,added_edges,200.0,32.43918237883335,1.6950927497548607
wiki_conf,baseline,none,0.0,0.2667550971670818,0.0
wiki_conf,perturbed_hub_target,addition,5.0,0.2861252985853243,0.03608864553903717
wiki_conf,perturbed_hub_target,addition,10.0,0.2996704832008873,0.04374110154669733
wiki_conf,perturbed_hub_target,addition,15.0,0.31663592151125114,0.04629268388960695
wiki_conf,perturbed_hub_target,addition,20.0,0.3184046093869167,0.046991561711360985
wiki_conf,perturbed_hub_target,addition,30.0,0.35070352429870744,0.04512622706605698
wiki_conf,perturbed_hub_target,addition,50.0,0.37624107555087194,0.06963966425970418
wiki_conf,perturbed_hub_target,removal,50.0,0.26401253093853516,0.010116913641758409
wiki_conf,perturbed_hub_target,removal,60.0,0.2631685914314973,0.013837309128979536
wiki_conf,perturbed_hub_target,removal,70.0,0.265578674236127,0.007080880982683685
wiki_conf,perturbed_hub_target,removal,75.0,0.2656912693722374,0.007120639276700247
wiki_conf,perturbed_hub_target,removal,80.0,0.2664976447022002,5.992208782278596e-05
wiki_conf,perturbed_hub_target,removal,85.0,0.26517752820018514,0.009882577299100572
wiki_conf,perturbed_hub_target,removal,90.0,0.26664898175386403,4.174804288805337e-05
wiki_conf,perturbed_hub_target,removal,95.0,0.2667077797663923,2.582927289953612e-05
wiki_conf,perturbed_hub_target,removal,98.0,0.2667376821513173,1.5048722544824931e-05
wiki_conf,perturbed_hub_target,addition,100.0,0.551760257629859,0.1329370753674556
wiki_conf,perturbed_hub_target,addition,150.0,0.7266768699401779,0.1153620996538196
wiki_conf,perturbed_hub_target,addition,200.0,0.8263304569257659,0.07643578221262247
wiki_conf,perturbed_periphery_target,addition,5.0,0.6876773498038059,0.17197296660681613
wiki_conf,perturbed_periphery_target,addition,10.0,0.9810206510293367,0.11933611450887784
wiki_conf,perturbed_periphery_target,addition,15.0,1.7383914035534065,0.2971630891301016
wiki_conf,perturbed_periphery_target,addition,20.0,2.355497525529731,0.4074232270577869
wiki_conf,perturbed_periphery_target,addition,30.0,3.2881355971784605,0.4514301287634559
wiki_conf,perturbed_periphery_target,removal,50.0,0.9553648620127739,0.009042974240261114
wiki_conf,perturbed_periphery_target,addition,50.0,4.966351978335821,0.5207665849881682
wiki_conf,perturbed_periphery_target,removal,60.0,0.9603046775285953,0.007894392957709702
wiki_conf,perturbed_periphery_target,removal,70.0,0.9608820531319608,0.011873602787170189
wiki_conf,perturbed_periphery_target,removal,75.0,0.9606943157222659,0.010828386442797
wiki_conf,perturbed_periphery_target,removal,80.0,0.9573788393943389,0.015446239297863897
wiki_conf,perturbed_periphery_target,removal,85.0,0.9536684334225032,0.020742777058000615
wiki_conf,perturbed_periphery_target,removal,90.0,0.9468233983959361,0.016221682336015366
wiki_conf,perturbed_periphery_target,removal,95.0,0.9089777443897701,0.032895662449713224
wiki_conf,perturbed_periphery_target,removal,98.0,0.8118220661847729,0.07325207849653569
wiki_conf,perturbed_periphery_target,addition,100.0,8.001395113811851,0.29896999288173826
wiki_conf,perturbed_periphery_target,addition,150.0,9.996115854315493,0.24035697188422964
wiki_conf,perturbed_periphery_target,addition,200.0,11.72435459526712,0.11521959450441648
wiki_conf,perturbed_random_target,added_edges,5.0,0.4609799625379079,0.11158797021897345
wiki_conf,perturbed_random_target,added_edges,10.0,0.7471481418492597,0.0999656278884928
wiki_conf,perturbed_random_target,added_edges,15.0,0.8732976127586936,0.08266039104085669
wiki_conf,perturbed_random_target,added_edges,20.0,0.9530622839222356,0.04404738435483902
wiki_conf,perturbed_random_target,added_edges,30.0,1.546435319690871,0.4430372949551656
wiki_conf,perturbed_random_target,added_edges,50.0,4.029404431015115,0.7528719801612708
wiki_conf,perturbed_random_target,removed_edges,50.0,0.2840238628016347,0.06389322241211215
wiki_conf,perturbed_random_target,removed_edges,60.0,0.2916206765495042,0.06892658323941328
wiki_conf,perturbed_random_target,removed_edges,70.0,0.29744547993214654,0.0650008273523155
wiki_conf,perturbed_random_target,removed_edges,75.0,0.29033528899935584,0.06662806985238176
wiki_conf,perturbed_random_target,removed_edges,80.0,0.2865853566809921,0.05900678553025577
wiki_conf,perturbed_random_target,removed_edges,85.0,0.27902060488056835,0.05248809947678942
wiki_conf,perturbed_random_target,removed_edges,90.0,0.27922139457701584,0.055272941837155795
wiki_conf,perturbed_random_target,removed_edges,95.0,0.2766135582524902,0.03687556301277441
wiki_conf,perturbed_random_target,removed_edges,98.0,0.2665873724326704,0.01862142687623103
wiki_conf,perturbed_random_target,added_edges,100.0,12.347569816954097,1.1381840314729708
wiki_conf,perturbed_random_target,added_edges,150.0,22.093758987322357,1.4255374498654834
wiki_conf,perturbed_random_target,added_edges,200.0,32.512877191290265,1.8370330994900235
wiki_er,baseline,none,0.0,9.421328161786905,0.0
wiki_er,perturbed_hub_target,addition,5.0,9.742741146062695,0.4080794128015681
wiki_er,perturbed_hub_target,addition,10.0,10.096409843357575,0.5920406430541663
wiki_er,perturbed_hub_target,addition,15.0,10.437937727508363,0.6676484894983651
wiki_er,perturbed_hub_target,addition,20.0,10.862726925464901,0.8167179272662208
wiki_er,perturbed_hub_target,addition,30.0,11.722002490792192,1.0738942341303497
wiki_er,perturbed_hub_target,addition,50.0,13.466003469632932,1.289377782776766
wiki_er,perturbed_hub_target,removal,50.0,4.0356293352276795,0.5476583800144974
wiki_er,perturbed_hub_target,removal,60.0,5.725320009367062,0.5807669268003519
wiki_er,perturbed_hub_target,removal,70.0,7.074467403822524,0.718326533716234
wiki_er,perturbed_hub_target,removal,75.0,7.7196663259325256,0.717455617647969
wiki_er,perturbed_hub_target,removal,80.0,8.17209217779761,0.6178242560578057
wiki_er,perturbed_hub_target,removal,85.0,8.500322628417246,0.6557343570705045
wiki_er,perturbed_hub_target,removal,90.0,8.831740948780523,0.5099399568088354
wiki_er,perturbed_hub_target,removal,95.0,9.146424232807556,0.3730574813466125
wiki_er,perturbed_hub_target,removal,98.0,9.32510175716885,0.27957868830913657
wiki_er,perturbed_hub_target,addition,100.0,18.433521550296856,1.7532385005900852
wiki_er,perturbed_hub_target,addition,150.0,21.740331507778855,2.393068695197787
wiki_er,perturbed_hub_target,addition,200.0,27.11621486299959,2.7200176700277696
wiki_er,perturbed_periphery_target,addition,5.0,11.911372220743502,0.8183916502739771
wiki_er,perturbed_periphery_target,addition,10.0,13.828840427970345,0.8253880793461051
wiki_er,perturbed_periphery_target,addition,15.0,15.706285996560139,0.84831734088035
wiki_er,perturbed_periphery_target,addition,20.0,17.11721935968287,0.9428112249716923
wiki_er,perturbed_periphery_target,addition,30.0,20.148257074253323,0.816647610575469
wiki_er,perturbed_periphery_target,addition,50.0,24.95987823046805,0.8896694370829307
wiki_er,perturbed_periphery_target,removal,50.0,0.8918564993260428,0.10455692613080002
wiki_er,perturbed_periphery_target,removal,60.0,1.2477685907778875,0.43757357351168696
wiki_er,perturbed_periphery_target,removal,70.0,2.282392398849206,0.7408913992204441
wiki_er,perturbed_periphery_target,removal,75.0,3.0743667971038717,0.8345784571244024
wiki_er,perturbed_periphery_target,removal,80.0,3.8562350042686706,1.0985824630993886
wiki_er,perturbed_periphery_target,removal,85.0,5.024047963493558,0.8701165775266895
wiki_er,perturbed_periphery_target,removal,90.0,6.11544797581679,1.0693347238415125
wiki_er,perturbed_periphery_target,removal,95.0,7.792349991537817,0.8370837989705013
wiki_er,perturbed_periphery_target,removal,98.0,8.764268502037835,0.6668395205615332
wiki_er,perturbed_periphery_target,addition,100.0,35.84644444997296,1.2540437377666074
wiki_er,perturbed_periphery_target,addition,150.0,46.1122725470662,1.4388086525956378
wiki_er,perturbed_periphery_target,addition,200.0,55.57739459595409,1.3223129671249962
wiki_er,perturbed_random_target,added_edges,5.0,10.35369879551734,0.6291262863824667
wiki_er,perturbed_random_target,added_edges,10.0,11.24453294524239,0.899799736376087
wiki_er,perturbed_random_target,added_edges,15.0,12.411069322159603,0.9760893759136531
wiki_er,perturbed_random_target,added_edges,20.0,13.158293709113924,1.1133792302712402
wiki_er,perturbed_random_target,added_edges,30.0,15.390158006214158,1.2627017751209662
wiki_er,perturbed_random_target,added_edges,50.0,19.371730733745885,1.5569535550673543
wiki_er,perturbed_random_target,removed_edges,50.0,2.246194064135138,0.5710717570704695
wiki_er,perturbed_random_target,removed_edges,60.0,3.4879985802069062,0.7217317734387607
wiki_er,perturbed_random_target,removed_edges,70.0,4.811445427105857,0.8263674593541771
wiki_er,perturbed_random_target,removed_edges,75.0,5.753004842731641,0.8166795915676054
wiki_er,perturbed_random_target,removed_edges,80.0,6.684813911451167,0.7711386870360019
wiki_er,perturbed_random_target,removed_edges,85.0,7.101129467503277,0.9533389894014672
wiki_er,perturbed_random_target,removed_edges,90.0,7.837538031005334,0.9198916870579553
wiki_er,perturbed_random_target,removed_edges,95.0,8.715868465316031,0.7158955195507438
wiki_er,perturbed_random_target,removed_edges,98.0,9.170414913416888,0.43411801211328316
wiki_er,perturbed_random_target,added_edges,100.0,29.650834909010815,2.937217607381826
wiki_er,perturbed_random_target,added_edges,150.0,40.32269532844871,2.066720863448418
wiki_er,perturbed_random_target,added_edges,200.0,51.59742976015864,2.1568627314582884
wiki_sbm,baseline,none,0.0,0.3776344580421694,0.0
wiki_sbm,perturbed_hub_target,addition,5.0,0.4026338325099205,0.0729071868778915
wiki_sbm,perturbed_hub_target,addition,10.0,0.4328502192236385,0.10442497850959385
wiki_sbm,perturbed_hub_target,addition,15.0,0.44757633866776625,0.1130316318382069
wiki_sbm,perturbed_hub_target,addition,20.0,0.475517282175715,0.13234932853085898
wiki_sbm,perturbed_hub_target,addition,30.0,0.48422010394805814,0.15138859773352514
wiki_sbm,perturbed_hub_target,removal,50.0,0.37408903524265325,0.014380039178727573
wiki_sbm,perturbed_hub_target,addition,50.0,0.5171879515919982,0.16808502285645407
wiki_sbm,perturbed_hub_target,removal,60.0,0.3781193442704967,0.02544162147193905
wiki_sbm,perturbed_hub_target,removal,70.0,0.3803741213927891,0.03219117736122794
wiki_sbm,perturbed_hub_target,removal,75.0,0.37851102267066083,0.02289138956975261
wiki_sbm,perturbed_hub_target,removal,80.0,0.37667733807772924,0.0002688282313663077
wiki_sbm,perturbed_hub_target,removal,85.0,0.37835330359270364,0.014287823384709858
wiki_sbm,perturbed_hub_target,removal,90.0,0.3772058654152217,0.00019035602954294167
wiki_sbm,perturbed_hub_target,removal,95.0,0.3774548644096917,0.00010471127195762497
wiki_sbm,perturbed_hub_target,removal,98.0,0.3775804010925123,6.602389172065135e-05
wiki_sbm,perturbed_hub_target,addition,100.0,0.6557717976897537,0.1964305712212049
wiki_sbm,perturbed_hub_target,addition,150.0,0.7734864297298327,0.2014092845613609
wiki_sbm,perturbed_hub_target,addition,200.0,0.8518702193068927,0.16957449503260583
wiki_sbm,perturbed_periphery_target,addition,5.0,0.9323579016606597,0.05974361573987219
wiki_sbm,perturbed_periphery_target,addition,10.0,1.7436351175199045,0.23538845082082363
wiki_sbm,perturbed_periphery_target,addition,15.0,2.348184550235321,0.4093653557802321
wiki_sbm,perturbed_periphery_target,addition,20.0,2.9820541943707304,0.4330361317204582
wiki_sbm,perturbed_periphery_target,addition,30.0,4.259168409300305,0.4891725362507817
wiki_sbm,perturbed_periphery_target,removal,50.0,0.9072527690088183,0.07214827211394989
wiki_sbm,perturbed_periphery_target,addition,50.0,6.299553165774247,0.6222756579179397
wiki_sbm,perturbed_periphery_target,removal,60.0,0.9256520745870632,0.043665659028497776
wiki_sbm,perturbed_periphery_target,removal,70.0,0.9234109865842309,0.03391051740533107
wiki_sbm,perturbed_periphery_target,removal,75.0,0.923350063723275,0.030271907403910066
wiki_sbm,perturbed_periphery_target,removal,80.0,0.919277691849443,0.03357297526435628
wiki_sbm,perturbed_periphery_target,removal,85.0,0.9224139502118827,0.02273800344153782
wiki_sbm,perturbed_periphery_target,removal,90.0,0.9109418715731367,0.03112591433791414
wiki_sbm,perturbed_periphery_target,removal,95.0,0.8782749319996657,0.04903974355475209
wiki_sbm,perturbed_periphery_target,removal,98.0,0.8002778277486557,0.08701074011822954
wiki_sbm,perturbed_periphery_target,addition,100.0,10.213854162038057,0.4959430300013389
wiki_sbm,perturbed_periphery_target,addition,150.0,12.976986765316244,0.3488550138309167
wiki_sbm,perturbed_periphery_target,addition,200.0,15.23902799641233,0.2118347330027894
wiki_sbm,perturbed_random_target,added_edges,5.0,0.6394083998378748,0.1781316507438239
wiki_sbm,perturbed_random_target,added_edges,10.0,0.86036872243027,0.09990147211722093
wiki_sbm,perturbed_random_target,added_edges,15.0,0.9322992071677806,0.05892135176776682
wiki_sbm,perturbed_random_target,added_edges,20.0,0.97949064868088,0.08126593923739693
wiki_sbm,perturbed_random_target,added_edges,30.0,1.8232578082735398,0.5106435828635106
wiki_sbm,perturbed_random_target,added_edges,50.0,4.511366567545784,0.8749309302551402
wiki_sbm,perturbed_random_target,removed_edges,50.0,0.33022459623577743,0.06865490112331818
wiki_sbm,perturbed_random_target,removed_edges,60.0,0.3539091474809099,0.05081965731682375
wiki_sbm,perturbed_random_target,removed_edges,70.0,0.3830661020530093,0.07439812293340023
wiki_sbm,perturbed_random_target,removed_edges,75.0,0.38618099124066363,0.07185461767406368
wiki_sbm,perturbed_random_target,removed_edges,80.0,0.4064414612273967,0.09326689357384058
wiki_sbm,perturbed_random_target,removed_edges,85.0,0.41059775851215874,0.0786490970443167
wiki_sbm,perturbed_random_target,removed_edges,90.0,0.41108819029443466,0.08427139393605555
wiki_sbm,perturbed_random_target,removed_edges,95.0,0.39777324550168525,0.05889212736943229
wiki_sbm,perturbed_random_target,removed_edges,98.0,0.3984315226580727,0.07215856767771124
wiki_sbm,perturbed_random_target,added_edges,100.0,13.280042181563571,1.1768484042774174
wiki_sbm,perturbed_random_target,added_edges,150.0,23.613404464378785,1.4898262786903393
wiki_sbm,perturbed_random_target,added_edges,200.0,33.89152869066692,1.9655024170577273
